id,date,num_day_of_week,day_of_week,plays,likes,comments,reach,saved,shares,total_interactions,permalink,caption,hashtags,hour posted
17877165770251528,2021-03-25,3,Thurs,783,198,1,746,1,2,202,https://www.instagram.com/reel/CM15ALphrl7/,"Matcha Latte

#matcha #matchalatte #matchalover #matcharecipes #matchagreentea #latte #lattelove #lattegram #galulab #barista #baristalife #baristadaily #coffee #caffeineaddict",14,12
17865548927371449,2021-03-30,1,Tues,2298,181,0,2298,3,1,185,https://www.instagram.com/reel/CNCyaGAH-3a/,"Butterfly Pea Tea Latte ğŸ¦‹ 

-Milk
-Brown Sugar Cinnamon Syrup
-Ice
-Butterfly Pea Tea

#latte #gaulab #mixology #brewing #teatime #lattegram #lattelove #butterflypeaflower #butterflypeatea",9,12
18138970360161828,2021-03-31,2,Weds,985,195,0,906,5,3,203,https://www.instagram.com/reel/CNFW6oznspc/,"Caramel Frappe 

-Ice
-Coffee
-Caramel
-Xanthan Gum
-Milk

#galulab #frappe #frappuccino #frappÃ© #caramel #caramelfrappe #caramelcoffee #caramelfrappuccino #coffee #coffeelover #coffeetime #coffeeaddict",12,12
17867279756434958,2021-04-01,3,Thurs,1057,244,4,975,7,8,263,https://www.instagram.com/reel/CNIr5iWnlJL/,"BPT Lemonade ğŸ¦‹ ğŸ‹ 

#bpt #butterflypeaflower #butterflypeatea #lemonade #mixology #lemon #lemondrink #galulab #drinkstagram #drinks",10,19
18087997126247426,2021-04-02,4,Fri,1955,195,2,1875,6,4,207,https://www.instagram.com/reel/CNLjJQXnNC4/,"Coffee Rum

-Coffee
-Rum
-Cinnamon Syrup
-Ice

#coffeerum #coffeedrink #rum #coffeelover #coffeemixology #mixology #rumlovers #galulab",8,22
17842297982578353,2021-04-03,5,Sat,994,232,4,939,5,5,246,https://www.instagram.com/reel/CNNXA0XnD_-/,"Pumpkin Pie Iced Latte

-Ice
-Cold Brew Concentrate
-Pumpkin Spice Syrup
-Milk

#pumpkinpie #pumpkinpiespice #pumpkinlatte #pumpkinspicelatte #pumpkinpielatte #latte #lattelove #icedlatte #icedlatteaddict",9,15
17956429033417503,2021-04-04,6,Sun,1317,267,3,1266,9,18,297,https://www.instagram.com/reel/CNPvdUdH1Vk/,"Strawberry Basil Mojito

-frozen strawberries 
-basil
-honey
-ice
-lemon
-rum
-soda

#galulab #mojito #mojitotime #strawberrymojito #strawberrybasilmojito #mixology #mixologist #mixologyart #bartender",9,13
17910386635698062,2021-04-05,0,Mon,1316,303,7,1209,13,13,336,https://www.instagram.com/reel/CNSKaN_nmyd/,"Blueberry Iced Latte ğŸ« 

-blueberry 
-sugar
-water
-ice
-milk
-cold brew

#galulab #coffee #coldbrew #coldbrewcoffee #blueberry #latte #coffeelover #latteartgram #milk",9,12
17906758939792133,2021-04-06,1,Tues,2464,248,4,2437,6,10,268,https://www.instagram.com/reel/CNUzAednOWE/,"Black Lavender Boba TeağŸ§‹ 

-boba
-ice
-lavender syrup
-black tea
-milk

#boba #galulab #bobatea #bobamilktea #blacktea #lavender #blackmilktea #milktea #tealover #bobatealover",10,12
18005639230312119,2021-04-08,3,Thurs,913,170,8,847,3,0,181,https://www.instagram.com/reel/CNaErhdHC3E/,"Rum Sour 

-aquafaba
-lemon
-rum
-honey
-ice 
-flower bitters

#galulab #rumsour #rum #mixology #rumcocktails #whiskysour #mixologist #flordecaÃ±a #mountainelixirs #strongwatermountainelixirs",10,13
17956886152422156,2021-04-09,4,Fri,980,153,4,932,3,0,160,https://www.instagram.com/reel/CNch72snEUl/,"Vietnamese Coffee â˜•ï¸ 

-condensed milk
-coffee

#vietnamesecoffee #coffee #galulab #mixology #coffeelover #coffeetime #coffeeaddict #espresso #aeropress #condensedmilk @aeropress",10,12
17867107580445557,2021-04-10,5,Sat,2833,219,5,2772,9,1,234,https://www.instagram.com/reel/CNfgpUhnx9p/,"Michelada de Maracuya

-tajin rim
-ice
-lemon
-Worcestershire 
-hot sauce
-passionfruit juice
-lagger

#michelada #mixology #galulab #heineken #worcestershire #beer #micheladas #beerstagram #beerlover @heineken #beerme",10,16
17896304584962552,2021-04-12,0,Mon,962,188,3,923,5,1,197,https://www.instagram.com/reel/CNkZNaRndov/,"Peppermint Mocha Iced Latte 

-ice
-peppermint syrup
-chocolate sauce
-coffee

#peppermint #galulab #peppermintmocha #mintcoffee #coffee #mocha #coffeelover #coffeetime",8,14
17894593024921843,2021-04-13,1,Tues,3627,281,7,3578,23,24,335,https://www.instagram.com/reel/CNm1n7_nVVi/,"Color Changing Margarita ğŸ’™->ğŸ’—

-Butterfly Pea Tea
-Honey
-Tequila
-Tajin Rim
-Ice
-Lemon

#margarita #margaritatime #butterflypeaflower #mixology #bartender #mixology #galulab",7,12
17889011900108537,2021-04-15,3,Thurs,2319,213,7,2307,11,2,233,https://www.instagram.com/reel/CNr9guRnl7x/,"Cinnamon Brown Sugar Boba Coffee

-boba
-cinnamon brown sugar syrup
-ice
-milk
-coffee

#cinnamonsugar #brownsugarboba #brownsugarmilktea #coffee #coffeelover #coffeetime #boba #bobatea #bobalife #cinnamonbrownsugar",10,12
17894740273992059,2021-04-16,4,Fri,708,143,4,690,4,2,153,https://www.instagram.com/reel/CNu1LPfniXB/,"Frozen Pineapple Daiquiri ğŸ 

-frozen pineapple 
-xanthan gum
-honey
-lemon
-rum

#daiquiri #pineapple #galulab #frozendrinks #frozendaiquiri #rum #rumlovers #flordecaÃ±a #daiquiristogo #pineappledaiquiri",10,15
17873642846346669,2021-04-17,5,Sat,778,153,1,728,7,2,163,https://www.instagram.com/reel/CNxcbevnhhj/,"Maracuya Mojito

-Maracuya
-Honey
-Mint
-Ice
-Rum
-Lemon Juice
-Soda

#maracuya #mojito #galulab #mojitotime #mojitos #mojitodemaracuya #rum #rumlovers #flordecaÃ±a",9,15
18219000340027366,2021-04-19,0,Mon,2550,144,2,2504,7,6,159,https://www.instagram.com/reel/CN1BzE-nGlJ/,"Mango JalapeÃ±o Margarita ğŸ¥­ 

-mango
-jalapeÃ±o
-tequila
-honey
-lemon
-tajin rim
-ice

#margarita #galulab #mangomargarita #mangojalapeÃ±o #mangojalapenomargarita #margaritas #margaritatime #tequila #tequilacocktails",9,01
17914973473674199,2021-04-27,1,Tues,7826,196,3,7985,8,9,216,https://www.instagram.com/reel/COKtWiAHgtr/,"Rum Fashioned ğŸ”¥ 

-ginger simple syrup
-ice
-rum 
-bitters
-flame citrus peal 

#galulab #oldfashioned #rum #mixology #mixologybar #bartender #rumlovers",7,11
18143621362161885,2021-05-16,6,Sun,2136,110,0,2071,4,1,115,https://www.instagram.com/reel/CO8a90Rn1j_/,"Ginger Matcha Boba Tea ğŸµ ğŸ§‹ 

-hot water
-matcha
-ginger syrup
-boba
-ice 
-milk

#matcha #matchalatte #galulab #matchaicedlatte #boba #bobatea #ginger #gingertea #bobamilktea #milktea #bobalife",11,18
17867204102516739,2021-06-03,3,Thurs,2250,135,4,2282,7,8,154,https://www.instagram.com/reel/CPpaBegHEdG/,"MacuÃ¡ ğŸ‡³ğŸ‡® 

-ice
-rum
-guava juice
-orange juice
-lime juice 

#macua #nicaraguanfood #ronflordecaÃ±a #ronflordecaÃ±a18aÃ±os #flordecaÃ±a #rum #bartender #bartending",8,05
17907697048862029,2021-06-26,5,Sat,882,81,0,867,3,0,84,https://www.instagram.com/reel/CQkR23pHBF-/,"Grand Cosmo 

-vodka
-grand marnier
-lime juice
-cranberry juice
-ice

#cosmo #cosmopolitan #grandmarnier @grandmarnierusa #bartender #mixologist #vodka @belvederevodka #belvedere",7,02
17909834540091494,2021-09-23,3,Thurs,1388,41,1,1384,0,0,42,https://www.instagram.com/reel/CUKVxQ5Mv17/,Salted Honey Cream Coffee ğŸ¯ ğŸ§‚,0,10
17969388235454046,2021-09-27,0,Mon,3472,80,2,3391,1,5,88,https://www.instagram.com/reel/CUV5dtrg5qv/,"Moscow Mule 

-ice
-vodka
-lime juice
-ginger beer",0,22
17886799856375215,2021-10-02,5,Sat,5828,207,0,5911,10,2,219,https://www.instagram.com/reel/CUh9dixs0eT/,"Paloma ğŸ•Š 

-tajin rim
-ice
-lime juice
-grapefruit soda

#paloma #fevertree @fevertree_usa #tequila #tequilamexico #palomacocktail #tequilalover",6,15
18014450818337689,2021-10-14,3,Thurs,6804,181,0,6896,10,10,201,https://www.instagram.com/reel/CVA6zy-DaWM/,"Tequila Michelada

-chamoy rim
-ice
-lime juice (forgot to film it)
-Worcestershire 
-salt
-hot sauce
-tequila
-beer
-tajin
-tarugos tamarindo con chile as a straw (bite the tip)",0,15
17926289650878166,2021-10-18,0,Mon,3318,64,1,3370,1,1,67,https://www.instagram.com/reel/CVLdLqJMtB6/,"Brown Sugar Ginger Boba Latte

-bobas
-brown sugar ginger syrup
-ice
-milk
-espresso shot",0,17
18009880600331634,2021-11-04,3,Thurs,4243,169,0,4291,6,17,192,https://www.instagram.com/reel/CV3UTajgyc_/,"We love our Palomaâ€™s ğŸ’•ğŸ•Š Cant get enough of them! 

#paloma #palomacocktail #tequila #tequilathursday #tequilatequila @fevertreemixers #cocktails #mixology #mixologist #cocktailsofinstagram",9,18
17988822931417406,2021-11-18,3,Thurs,1146,31,0,1133,2,0,33,https://www.instagram.com/reel/CWbyBpzFZM_/,"Milk ğŸ¥› Punch PiÃ±a ğŸ Colada ğŸ¥¥ 

-rum
-lime juice
-pineapple juice
-coconut water
-milk
Let it sit for at least 20 minutes 
Strain

#milkpunch #cocktails #milkpunchcocktail #pinacolada #cocktail #piÃ±acolada #cocktailsofinstagram",7,22
17882809127539362,2021-11-21,6,Sun,680,31,0,634,3,3,37,https://www.instagram.com/reel/CWjCsyWJDCc/,"Pumpkin Spiced Latte ğŸƒ 

#pumpkin #pumpkinspice #pumpkinspicelatte #pumpkinseason #coffee #latte #latteartgram #coffeelover",8,18
18015623518353092,2021-12-02,3,Thurs,4010,171,7,5078,6,7,191,https://www.instagram.com/reel/CW-3oFVv6l1/,"Spicy Pineapple Margarita ğŸŒ¶ ğŸ 

-ice
-jalapeÃ±o slices
-lime juice
-tequila
-pineapple slices 
-simple syrup 
-shake
-chamoy and tajin rim
Serve on ice ğŸ§Š ğŸ¹ 

#margarita #mixologist #tequila #pineapplemargarita #margaritas #mixology #cocktails #jalapenomargarita #spicymargarita",9,13
17978683819448470,2021-12-05,6,Sun,3931,127,0,4070,4,5,136,https://www.instagram.com/reel/CXHjUSlgmiw/,"Ginger Latte

-ice
-coffee
-ginger extract
-simple syrup
-milk

#latte #latteartgram #coffee #coffeelover #coffeetime #coffeebar #barista #baristalife #baristadaily",9,22
18196073101120807,2021-12-10,4,Fri,1343,56,0,1503,4,0,60,https://www.instagram.com/reel/CXTBUlJLF2Q/,"Cucumber ğŸ¥’ JalapeÃ±o and Raspberry Gin and Tonic 
â¤ï¸ğŸ’šâ¤ï¸ğŸ’šâ¤ï¸ğŸ’š

-Cucumbers and JalapeÃ±os/Raspberries
-muddle
-gin
-lemon
-tonic water

#christmascocktails #ginandtonic #ginandtonicday #cocktails #drinks #cocktailsofinstagram",6,09
17897948951510805,2021-12-12,6,Sun,4574,103,0,4808,20,17,140,https://www.instagram.com/reel/CXZEh-HPNuc/,"It beginning to taste a lot like Christmas with our cranberry clementine + rosemary cocktail ğŸ„ ğŸ…
-clementines
-gin
-Clementine+rosemary syrup
-ice
-cranberries 
-lime juice
-club soda

#christmas #christmascocktails #cocktails #barista #gin #ginlovers",6,17
17911533833137315,2021-12-24,4,Fri,3594,115,1,3566,2,0,118,https://www.instagram.com/reel/CX3-kHTA41d/,"Have a Holly Jolly Christmas ğŸ„ 

Peppermint mocha latte 

-chocolate
-espresso
-peppermint syrup
-milk

#peppermintmocha #peppermintmochalatte #coffee #coffeelover #christmas #christmascoffee #coffeetime",7,17
17906632457381446,2022-03-18,4,Fri,1313,39,1,1245,0,22,62,https://www.instagram.com/reel/CbPxsO9AHLf/,"That Fizz âœ¨ğŸ‘‚
One of our favorite drinks, but with a little twist ğŸ˜
Moscow Mule 

-ginger beer
-lime juice
-rum 

#asmr #moscowmule #cocktails #moscowmuletime #rum #cocktailrecipes #rumlovers #bartender #bartenderlife #its5oclocksomewhere",10,13
18284391091023563,2022-03-20,6,Sun,3084,122,1,3036,13,3,139,https://www.instagram.com/reel/CbVRaV7tfrS/,"Ginger Iced Latte 

-ice
-coffee
-ginger extract
-simple syrup
-milk

#latte #coffee #coffeelover #lattegram #icedlatte #baristadaily #gingerlatte",7,16
18157651726227605,2022-03-26,5,Sat,11479,217,2,11477,14,11,244,https://www.instagram.com/reel/CblP4k4L-MQ/,"Tequila Sunrise ğŸŒ… 

-ice
-tequila
-orange juice
-grenadine 

#tequila #tequilasunrise #tequilashots #tequilacocktails #cocktailvideos",5,21
17981332972492013,2022-03-31,3,Thurs,8579,489,2,8480,18,22,531,https://www.instagram.com/reel/CbxkSV3pUzn/,"Blackberry Gin and Tonic ğŸ’™

-blackberries 
-ice
-gin
-lemon juice
-tonic water

#ginandtonic #mixology #blackberries #gintonic #gin",5,16
17942974780981917,2022-04-26,1,Tues,11247,458,8,11365,9,12,487,https://www.instagram.com/reel/Cc0_0mevzkJ/,"Whiskey Highball

-whiskey
-soda water

#whiskey #whiskeyhighball #whiskeylover #whiskeygram #cocktailvideos #cocktails #mixology",7,20
17969481454581159,2022-04-27,2,Weds,3332,232,0,3350,4,2,238,https://www.instagram.com/reel/Cc3lY32Jpc0/,"That Bloom ğŸ¥¹
Are you more of an iced coffee or a hot coffee person? 

#coffee #coffeelover #coffeelover #coffeebrewing #coffeebloom #freshcoffee",6,20
18295086454019166,2022-05-10,1,Tues,3734,125,0,3751,4,1,130,https://www.instagram.com/reel/CdZScdJjRUg/,"Macua Milk Punch

-white rum
-lime juice
-orange juice
-guava juice
-milk

#rumcocktail #macua #milkpunchcocktail #cocktailvideos #cocktail @bacardi",5,22
17932450328270887,2022-05-27,4,Fri,9409,633,3,9671,15,39,690,https://www.instagram.com/reel/CeDL8BntKHk/,"Pineapple JalapeÃ±o Paloma ğŸğŸŒ¶ ğŸ•Š

#paloma #tequila #milagrotequila @milagrotequila #tequilatequila",4,05
17946202954986188,2022-05-28,5,Sat,4570,334,0,4624,4,6,344,https://www.instagram.com/reel/CeGMo7svIoR/,"Gin and Tonic ğŸ§Šso simple yet so versatile ğŸ–¤ğŸ§¡just add some fruit and youâ€™ll create a unique experience every time ğŸ“ğŸ‘ğŸğŸ¥ğŸ¥­ğŸ¥¥ğŸ«

#ginandtonic #gin #cocktails #fruitcocktail",4,09
18179135635169713,2022-06-14,1,Tues,19576,837,2,20274,34,34,907,https://www.instagram.com/reel/CeyXq6QlMJ9/,"Ginger Old FashionedğŸŠ

-ginger simple syrup
-whiskey
-bitters
-orange peel

#oldfashioned #whiskey #whiskeylife #okdfashion #oldfashionedcocktail #cocktails #cocktailrecipes",7,13
18217133086176115,2022-06-15,2,Weds,3426,175,0,3365,7,34,216,https://www.instagram.com/reel/CezpYFsvHRt/,"A little preview of what we do here â¤ï¸

#cocktails #coffee #tea #bartender #mixologist #barista",6,01
17968516003712577,2022-06-26,6,Sun,5480,262,1,5531,13,11,287,https://www.instagram.com/reel/CfSQDWzPMpP/,"Spicy Watermelon Margarita ğŸŒ¶ğŸ‰

-tajin rim @tajinusa @tajinmexico 
-watermelon
-fermented spicy honey
-more honey
-lime juice
-tequila
-ice
-mix ğŸ¤—

#margarita #watermelon #cocktails #cocktailrecipes #cocktailsofinstagram #margaritas #tajin #watermelonmargarita",8,22
17950233376876203,2022-06-28,1,Tues,10496,360,4,10795,34,16,414,https://www.instagram.com/reel/CfXadHFLdMS/,"Macua ğŸ‡³ğŸ‡®ğŸŠ

-lime juice
-orange juice
-white rum
-guava juice

#macua #rum #whiterum #cocktails #rumcocktails #mixologist",6,22
17912564639584237,2022-07-05,1,Tues,23981,695,1,24206,27,15,738,https://www.instagram.com/reel/CfpGIslF-Ez/,"Easy and refreshing ğŸ§ŠğŸ«§ coffeeâ˜•ï¸ for a bad hair day ğŸ¤­

#coffee #coffeesoda #bartenderlife #barista #coffeetime #coffeelover",6,19
17950662472985346,2022-07-06,2,Weds,9776,444,0,10180,18,15,477,https://www.instagram.com/reel/CfrdsKpPzg9/,"Maracuya Macua ğŸ§¡ğŸ’›ğŸ’•

-rum
-guava juice
-maracuya juice
-orange juice
-citric acid
-orange bitters

#macua #nicaragua #cocktails #rum #drink #its5oclocksomewhere",6,17
17934016823483928,2022-07-10,6,Sun,23334,867,3,23015,85,33,988,https://www.instagram.com/reel/Cfz5TNephA0/,"White Sangria ğŸ¤ğŸ·ğŸ‘ğŸŠ

#sangria #whitesangria #wine #cocktails",4,00
17863638440756387,2022-07-10,6,Sun,21289,926,1,21631,40,47,1014,https://www.instagram.com/reel/Cf1oW_WOORm/,"Peach Melon Gin & Tonic ğŸ‘ğŸ§¡ğŸ’›

-peach
-melon
-ice
-lime juice
-gin
-@fevertreemixers tonic water

#gin #gintonic #cocktails #ginandtonic",4,16
17946307523097890,2022-07-11,0,Mon,8117,319,0,8237,20,3,342,https://www.instagram.com/reel/Cf4viNPuiYj/,"Mega throwback to when we were in college ğŸ¤­
Boba Vietnamese milk tea with cheese foam ğŸ§‹ğŸ¥›ğŸ§€

-boba 
-ice
-condensed milk
-milk
-white tea
Cheese Foam:
-cream cheese
-powdered sugar
-milk
-heavy cream

#boba #bobatea #bobamilktea #milktea #milkteatime #whitetea #tea #teatime #vietnamesetea",9,21
17915457761478099,2022-07-17,6,Sun,6594,505,0,6678,19,13,537,https://www.instagram.com/reel/CgHrs1HMBRU/,"Coconut Margarita ğŸ¥¥ğŸŒ´

-lime juice
-coconut milk
-homemade chilli honey
-honey
-tequila @eljimadortequila 

#tequila #coconutmargarita #margarita #tropicalvibes #tropicalcocktails #cocktails #eljimador #coconutcocktail #asmr",9,16
17940870107060618,2022-07-19,1,Tues,14049,522,2,14105,14,12,550,https://www.instagram.com/reel/CgNSvlWD3kW/,"Mocha Latte ğŸ« â˜•ï¸ ğŸ¥› 

#coffee #coffeetime #coffeelover #coffeeaddict #mocha #mochalatte #latte #lattegram #asmr",9,20
17915140724487104,2022-07-21,3,Thurs,42128,1106,6,41219,79,96,1287,https://www.instagram.com/reel/CgSnvYVl1cd/,"Watermelon Chelada ğŸ‰ 

@corona #michelada #micheladatime #asmr #cocktails #chelada #beer #cerveza",7,22
17970835300669819,2022-07-24,6,Sun,32104,1214,11,31876,69,28,1322,https://www.instagram.com/reel/CgaLv5fpsRO/,"Japanese Highball ğŸ‹ âœ¨

-whiskey
-seltzer 
-lemon oil
-lemon peel

#japanesehighball #highball #whiskey #whiskeygram #cocktails #asmr",6,20
17938561961245834,2022-07-27,2,Weds,4900,184,2,4806,9,2,197,https://www.instagram.com/reel/CgfwZW7MkO9/,"Whatâ€™s your favorite drink? 

#coffee #matcha #miami #florida #america #drinks #cocktails",7,00
18310103056005335,2022-07-28,3,Thurs,22300,744,12,22391,37,45,838,https://www.instagram.com/reel/CgkgeuHOrHe/,"Cucumber JalapeÃ±o Margarita ğŸ¥’

-cucumber
-jalapeÃ±o 
-lime juice
-honey
-fermented honey
-tequila
-ice

#tequila #margarita #cucumbermargarita #jalapeÃ±o #spicymargarita #florida #miami #miamibeach",8,21
17938619378111396,2022-07-31,6,Sun,7794,112,1,7850,0,0,113,https://www.instagram.com/reel/CgrrItwNRCx/,#miami #miamibeach #florida #drinks #coffee #matcha #cocktails,7,15
17943286763235448,2022-08-22,0,Mon,152807,6502,26,148107,389,375,7292,https://www.instagram.com/reel/Chi1Julsjf7/,"Jelly iced coffee ğŸ¤ğŸ§ŠğŸ¥›

coffee Jelly:
-coffee
-unflavored gelatin 
-boiling water
-brown sugar

Iced Coffee:
-coffee jelly
-ice
-ginger brown sugar syrup
-milk
-cold brew

#coffee #coffeejelly #icedcoffee #coldbrew #miami #miamibeach #miaminightlife #florida #floridalife",9,02
17948707052149754,2022-08-24,2,Weds,129401,4017,27,125943,413,277,4734,https://www.instagram.com/reel/ChqAbSROPaj/,"Funky mojito ğŸ‘ ğŸŒ± â¤ï¸ğŸ’š

-peach
-mint
-simple syrup
-lime juice
- ice
- rum
- sparkling water @drinkspindrift 

#mojito #mojitos #miami #fyp #ftlauderdale #florida #drinks #drink #cocktails",9,20
17917715570593708,2022-08-29,0,Mon,31879,718,9,32018,40,73,840,https://www.instagram.com/reel/Ch2mbjmDKhg/,"New obsession ğŸ’š
Caramel brown sugar matcha latte ğŸ§‹

-boba
-ginger brown sugar syrup
-salted caramel @talenti ice cream
-milk
-matcha

#matchalatte #matcha #matchalover #latte #florida #floridalife #floridakeys #fortlauderdale #miami #fyp #viral",11,19
17957440018979690,2022-08-31,2,Weds,1724,34,0,1686,1,0,35,https://www.instagram.com/reel/Ch74mobPh6Z/,"Cuba Libre ğŸ‡¨ğŸ‡º

Coke, rum, and lime ğŸ’š

#cubalibre #cocktails #cocktail #rum @diplomaticorum #asmr #fl #f #florida #miami",9,19
17978937763593940,2022-09-04,6,Sun,3166,90,4,3213,8,14,116,https://www.instagram.com/reel/CiGc7abtd20/,"New favorite way to make cocktails ğŸ‰ğŸ’šâ¤ï¸
Watermelon Paloma ğŸ•Š

-chamoy tajin rim
- ice
- watermelon juice
- lime juice
- @milagrotequila 
- @fevertreemixers pink grapefruit

#watermelon #delicious #margarita #paloma #miami #california #fyp #nicaragua #asmr #drinks #cocktails #tequila #viral",13,22
17973389425738044,2022-09-07,2,Weds,2230,81,0,2282,9,2,92,https://www.instagram.com/reel/CiNrqX_MvU6/,"Michelada, the perfect drink for a long weekend with the fam â¤ï¸

- salt rim
- ice
- lemon juice
- Worcestershire
- pepper
- beer

#beer #michelada #longweekend #cocktails #drinks #asmr #laborday #miami #california #fortlauderdale #florida #laketahoe #fyp #viral",14,17
17863556174755520,2022-09-09,4,Fri,470,27,2,454,2,1,32,https://www.instagram.com/reel/CiSpxhHjO1K/,"Caffeine ğŸ˜ with a touch of raspberry basil ğŸŒ¿ â™¥ï¸

#caffeine #coffee #icedcoffee #icedlatte #reels #coffeelover",6,15
17945032991104116,2022-09-10,5,Sat,530,29,0,524,1,0,30,https://www.instagram.com/reel/CiVvid0Axec/,"Mocha with matcha sweet cream ğŸ«ğŸ’š

Mocha
-dark chocolate chips
-hot coffee
-ice
-cold brew
Sweet cream:
-heavy cream
-matcha
-powdered sugar 

#coffee #matcha #matchalatte #mocha #icedmocha #icedlatte #latte #coffeetime #coffeelover #coffeeaddict #fyp #florida #miami #chocolate",14,20
17943012653138098,2022-09-12,0,Mon,8833,122,2,8881,11,8,143,https://www.instagram.com/reel/CiazAb0LrUl/,"Orange Kiwi Gin and Tonic ğŸŠğŸ¥ğŸ§¡ğŸ’š 

- orange gin and tonic infusion
- gin
- lime juice
- ice
- dried caramelized orange
- kiwi
- @fevertreemixers tonic water

#ginandtonic #gin #cocktails #drinks #instagood #instafood #instalike #gintonic #fevertree #florida #miami #foryou #asmr",13,19
17931974087336542,2022-09-18,6,Sun,697,31,0,704,0,1,32,https://www.instagram.com/reel/CiqWwE4L1uq/,"What would you call it?

#coffee #coffeeaddict #coffeetime #coffeelover #coffeeholic #florida #miami",7,20
17856858401815038,2022-09-22,3,Thurs,719,42,1,700,2,3,48,https://www.instagram.com/reel/Ci0wQZLrqUx/,"Mango Matcha Latte ğŸ¥­ğŸ’šğŸ§¡

-mango
-ice
-milk
-simple syrup
-matcha

#matcha #matchalatte #matchatea #matchalover #latte #barista #fyp #instagood #instadaily #florida #miami #coffee #asmr",13,21
17957223860039490,2022-09-29,3,Thurs,1810,136,2,1763,3,0,141,https://www.instagram.com/reel/CjGzpGApj-u/,"â˜•ï¸ or ğŸµ?

#latte #coffee #matcha #matchalatte #lattegram #coffeetime #icedcoffee #coffeeaddict #florida #miami #fyp #trending",12,21
17989574092573078,2022-10-03,0,Mon,9796,252,4,9842,13,8,277,https://www.instagram.com/reel/CjQbqvRPDcp/,"My all time favorite drinkğŸ’š Moscow Mule

-lime juice
-vodka
-crushed ice
- @fevertreemixers ginger beer
-mint

#moscowmule #moscowmuletime #vodka #miami #florida #drink #cocktails #drinks #ginger #asmr #fyp",11,15
18078764842310596,2022-10-04,1,Tues,4782,64,2,4664,4,0,70,https://www.instagram.com/reel/CjS8AbjMnpf/,"A creamy coconutty cocktail? Yes pleaseee ğŸ™ğŸ½ğŸ¥¥

#coconut #cocktails #margarita #margaritas #drink #5oclocksomewhere #viral #f #yum #tequila",10,14
18189254362210355,2022-10-10,0,Mon,322,19,4,315,0,0,23,https://www.instagram.com/reel/CjiNl2INtSL/,"Fig iced latte ğŸ’œ

-figs
-coffee
-brown sugar simple syrup
-milk

#latte #coffee #icedcoffee #icedlqtte #fig #figs #coffeetime #coffeelover #coffeeaddict #coffeeshop #miami# asmr #fyp",13,13
17846305367849021,2022-10-14,4,Fri,274,21,0,271,0,0,21,https://www.instagram.com/reel/CjtFKpusey_/,"How good does this look!?!? And it tastes even better ğŸ˜‹ğŸ¤¤ğŸ¤¤

#matcha #drink #latte #yummy #instagood #instadaily #beauty #lifestyle #life #reelsinstagram #foryou #trending #cute",13,18
17942055410382191,2022-10-16,6,Sun,113157,7511,5,114324,229,112,7857,https://www.instagram.com/reel/CjyNaNjDuwh/,"Margarita gummies ğŸ’›â¤ï¸

- @milagrotequila 
-lime juice
-water
-honey 
-powdered jello 
-salt
-tajin

#margarita #tequila #tequilashots #shot #asmr #lime #margaritas #tequilatime #f #miami #fyp",11,18
17939187146289546,2022-10-17,0,Mon,219,33,1,207,1,0,35,https://www.instagram.com/reel/Cj06pUIplIy/,"ğŸ’¡, ğŸ¥, ğŸï¸

#coffee #matcha #latte #icedcoffee #fyp #viral #sound",7,19
17852015573826611,2022-10-22,5,Sat,270,22,1,263,1,1,25,https://www.instagram.com/reel/CkB4orAL9il/,"Brown Sugar Matcha Latte ğŸ¤ğŸ¤ğŸ’š

#matcha #matchalatte #icedcoffee #icedcoffeeaddict #icedmatchalatte #icedlatte #gilmoregirls #trending #viral #fyp",10,20
17984644081589290,2022-10-23,6,Sun,10830,122,2,9799,4,2,130,https://www.instagram.com/reel/CkESxqDORYa/,"JalapeÃ±o pineapple Margarita ğŸŒ¶ï¸ğŸ

-tajin rim
-pineapple juice
-sliced jalapeÃ±os
-lime juice
-tequila
-ice

#pineapple #margarita #tequila #limon #margaritas #yum #deli #asmr #v #f #florida",11,18
18216883387165049,2022-10-29,5,Sat,1205,37,0,1202,1,1,39,https://www.instagram.com/reel/CkT2YGdOb0K/,"La mejor manera de disfrutar la playa, con michelada en mano ğŸ» @cervezatona 

#michelada #beach #micheladas #cerveza #beer #beerstagram #playa #trago #toÃ±a",9,19
17892314717708576,2022-11-03,3,Thurs,191,20,2,183,0,0,22,https://www.instagram.com/reel/CkhER9ULUNf/,"Salted Cream Cold Foam Cold Brew

-cold brew
-heavy cream
-powdered sugar
-salt

#coldbrew #saltedcreamcoldfoamcoldbrew #saltedcream #coldbrewcoffee #coffee #coffeeholic #coffeelover #miami #florida #viral #starbucks #asmr #f",13,23
17979843385655207,2022-11-08,1,Tues,1145,29,0,1166,1,2,32,https://www.instagram.com/reel/CktCzDTMfCu/,"A red velvet iced latte for those positive vibes ğŸ§˜â€â™€ï¸

#latte #icedlatte #coffee #coffeeholic #coffeehouse #coffetime #miami #florida #viral #redvelvet",10,14
17971778458920941,2022-11-10,3,Thurs,1229,39,2,1203,0,0,41,https://www.instagram.com/reel/CkyQvNTuLzr/,"Just another coffee reel ğŸ˜‰ğŸ¥°â˜•ï¸

#coffeewithstyle #coffee #coffeeholic #coffeelover #coffeehouse #coffeetime #latteart #latte #viral #viralvideos #f #followforfollowback #florida",13,15
17846913695866660,2022-11-13,6,Sun,191,15,3,184,0,0,18,https://www.instagram.com/reel/Ck6YETWsg2m/,"Avocado latte ğŸ¥‘ 

-avocado 
-condensed milk
-milk
-ice
-cold brew

#avocado #avocadolatte #icedcoffee #latte #cold #coldbrew #coldbrewcoffee #coffee #coffeetime #coffeelover #viral #asmr #fyp #miami",14,19
17939354975520132,2022-11-20,6,Sun,337,20,0,319,0,1,21,https://www.instagram.com/reel/ClMXC9BrMLf/,"Strawberry Mocha Iced LatteğŸ“ğŸ«

-Chocolate
-Coffee
-Strawberries
-homemade strawberry syrup
-Ice
-milk

#icedlatte #mochacoffee #icedmocha #coffee #icedcoffee #coffeetime #strawberry #strawberries #coffeelovers #miami #asmr #fyp",12,18
17994203872605531,2022-11-22,1,Tues,261,17,0,258,0,0,17,https://www.instagram.com/reel/ClRVcXspz9T/,"Dirty Caramel Matcha Latte ğŸ’šğŸ¤ğŸ¤a full dose of antioxidants and energy ğŸ¤ª

#matcha #matchalatte #caramel #homemade #ice #icedlatte #latte #trending #trendingreels",9,17
18039289840399611,2022-12-03,5,Sat,840,53,1,831,4,3,61,https://www.instagram.com/reel/Clt6yRSvXK4/,"Pineapple Daiquiri ğŸğŸ‹

-lime juice
-ice
- honey
-pineapple juice
- rum

#daiquiri #daiquiris #pineapple #rum #flordecaÃ±a #floridalife #drink #cocktails #yum #asmr",10,19
18170238997251713,2022-12-11,6,Sun,193,36,0,201,0,0,36,https://www.instagram.com/reel/CmCJI0CLgUN/,"Smoky Rum Old Fashion ğŸ”¥

Rosemary Clementine Flavored ğŸŠğŸŒ¿

-clementine rosemary syrup
-orange citrus bitters
- @donqrum 
-applewood chips for smoking
-orange peel

#oldfashioned #donq #rum #cocktails #oldfashion #rumcocktails #asmr #drinks",8,16
18261443323190683,2022-12-31,5,Sat,639,16,0,592,1,0,17,https://www.instagram.com/reel/Cm2bHCCOARA/,"PiÃ±a Colada ğŸ¥¥ ğŸ 

ğŸ‰ğŸŠHappy New Year! ğŸ¾ğŸ¥‚

-coconut cream
-evaporated milk
-white rum
-frozen pineapple 

#piÃ±a #pinacolada #pinacoladağŸ¹ #newyear #happynewyear #cocktails #beach #love #viral #fy @flordecanarum",10,23
17874325871802254,2023-01-02,0,Mon,1363,42,1,1360,3,0,46,https://www.instagram.com/reel/Cm5RFLHOhfP/,"Macua ğŸ§¡ğŸŠğŸ’—

-ice
-guava juice 
-white rum
-bittersweet orange
-simple syrup 
-squeezed oranges

#macua #nicaragua #miami #miamibeach #cocktails #rum #floridalife #flordecaÃ±a #fyp",9,03
17980627747818165,2023-02-05,6,Sun,680,27,0,627,0,0,27,https://www.instagram.com/reel/CoSXJyVNtnK/,"Whiskey Sour with a Lavender Twist ğŸ¥ƒğŸ‹ğŸ’œ

-whiskey
-lemon juice
-lavender simple syrup
-egg whites
-ice and shake ğŸ§Š
-lavender bitters

#whiskey #whiskeysour #lavender #cocktails #reels #drink #lemon #bitters #homemade #miami #california",11,16
